relative_path	bytes	extension	tags
cache\character_5fagent_5fk9_2eresourceFile\__info	29		characters
cache\character_5fagent_5fk9_2eresourceFile\Character_Agent_K9	199467		characters
cache\character_5fagent_5fsix_2eresourceFile\__info	30		characters
cache\character_5fagent_5fsix_2eresourceFile\Character_Agent_Six	296286		characters
cache\character_5falan_2eresourceFile\__info	25		characters
cache\character_5falan_2eresourceFile\Character_Alan	469798		characters
cache\character_5falien_5fx_2eresourceFile\__info	28		characters
cache\character_5falien_5fx_2eresourceFile\Character_Alien_X	417806		characters
cache\character_5fapex_2eresourceFile\__info	25		characters
cache\character_5fapex_2eresourceFile\Character_Apex	1523348		characters
cache\character_5fapogee_2eresourceFile\__info	27		characters
cache\character_5fapogee_2eresourceFile\Character_Apogee	1523348		characters
cache\character_5fazmuth_2eresourceFile\__info	27		characters
cache\character_5fazmuth_2eresourceFile\Character_Azmuth	507032		characters
cache\character_5fbobo_5fhaha_2eresourceFile\__info	30		characters
cache\character_5fbobo_5fhaha_2eresourceFile\Character_Bobo_Haha	334841		characters
cache\character_5fcandy_5fwife_2eresourceFile\__info	31		characters
cache\character_5fcandy_5fwife_2eresourceFile\Character_Candy_Wife	419459		characters
cache\character_5fdukey_2eresourceFile\__info	26		characters
cache\character_5fdukey_2eresourceFile\Character_Dukey	778561		characters
cache\character_5fetalon_2eresourceFile\__info	27		characters
cache\character_5fetalon_2eresourceFile\Character_Etalon	1523348		characters
cache\character_5ffusion_5ffinn_2eresourceFile\__info	32		characters
cache\character_5ffusion_5ffinn_2eresourceFile\Character_Fusion_Finn	1463754		characters
cache\character_5ffusion_5fhominid_2eresourceFile\__info	35		characters
cache\character_5ffusion_5fhominid_2eresourceFile\Character_Fusion_Hominid	1023065		characters
cache\character_5ffusion_5fjohnny_5ftest_2eresourceFile\__info	39		characters
cache\character_5ffusion_5fjohnny_5ftest_2eresourceFile\Character_Fusion_Johnny_Test	1159755		characters
cache\character_5ffusion_5fkimchi_2eresourceFile\__info	34		characters
cache\character_5ffusion_5fkimchi_2eresourceFile\Character_Fusion_Kimchi	99608		characters
cache\character_5ffusion_5frex_2eresourceFile\__info	31		characters
cache\character_5ffusion_5frex_2eresourceFile\Character_Fusion_Rex	1572578		characters
cache\character_5filana_2eresourceFile\__info	26		characters
cache\character_5filana_2eresourceFile\Character_Ilana	766413		characters
cache\character_5fjohnny_5ftest_2eresourceFile\__info	32		characters
cache\character_5fjohnny_5ftest_2eresourceFile\Character_Johnny_Test	730009		characters
cache\character_5fkevin_2eresourceFile\__info	26		characters
cache\character_5fkevin_2eresourceFile\Character_Kevin	776646		characters
cache\character_5fkiller_5fclyde_2eresourceFile\__info	33		characters
cache\character_5fkiller_5fclyde_2eresourceFile\Character_Killer_Clyde	530577		characters
cache\character_5flance_2eresourceFile\__info	26		characters
cache\character_5flance_2eresourceFile\Character_Lance	604457		characters
cache\character_5fmystery_5fdungeon_2eresourceFile\__info	36		characters
cache\character_5fmystery_5fdungeon_2eresourceFile\Character_Mystery_Dungeon	489843		characters
cache\character_5foctus_2eresourceFile\__info	26		characters
cache\character_5foctus_2eresourceFile\Character_Octus	675925		characters
cache\character_5fotto_2eresourceFile\__info	25		characters
cache\character_5fotto_2eresourceFile\Character_Otto	1104581		characters
cache\character_5fparadox_2eresourceFile\__info	28		characters
cache\character_5fparadox_2eresourceFile\Character_Paradox	566052		characters
cache\character_5fparallax_2eresourceFile\__info	29		characters
cache\character_5fparallax_2eresourceFile\Character_Parallax	1523352		characters
cache\character_5fprincess_5fbubblegum_2eresourceFile\__info	39		characters
cache\character_5fprincess_5fbubblegum_2eresourceFile\Character_Princess_Bubblegum	781529		characters
cache\character_5frex_2eresourceFile\__info	24		characters
cache\character_5frex_2eresourceFile\Character_Rex	546549		characters
cache\character_5fship_2eresourceFile\__info	25		characters
cache\character_5fship_2eresourceFile\Character_Ship	406553		characters
cache\character_5fstanley_2eresourceFile\__info	27		characters
cache\character_5fstanley_2eresourceFile\Character_Stanley	64553		characters
cache\character_5fvilgax_2eresourceFile\__info	27		characters
cache\character_5fvilgax_2eresourceFile\Character_Vilgax	920746		characters
cache\character_5fwisdom_5ftooth_2eresourceFile\__info	33		characters
cache\character_5fwisdom_5ftooth_2eresourceFile\Character_Wisdom_Tooth	765547		characters
cache\character_5fzenith_2eresourceFile\__info	27		characters
cache\character_5fzenith_2eresourceFile\Character_Zenith	1523348		characters
cache\character_5fzon_2eresourceFile\__info	24		characters
cache\character_5fzon_2eresourceFile\Character_Zon	432909		characters
cache\charactercreation_2eresourceFile\__info	59		characters
cache\charactercreation_2eresourceFile\CustomAssetBundle-bd5f53480423447d7bcaed95cb2a96c8	18017304		characters
cache\characterselection_2eresourceFile\__info	58		characters
cache\characterselection_2eresourceFile\CustomAssetBundle-ce09c4c9be8a046ca92e0044f22d1b99	80382317		characters
cache\chartexture_2eresourceFile\__info	60		other
cache\chartexture_2eresourceFile\CustomAssetBundle-aa120043d3c634fe9adfb5cbe08e6970	65717109		other
cache\dongresources_5f00_5f08_2eresourceFile\__info	31		world
cache\dongresources_5f00_5f08_2eresourceFile\CustomAssetBundle-00_08	1224913		world
cache\dongresources_5f00_5f09_2eresourceFile\__info	58		world
cache\dongresources_5f00_5f09_2eresourceFile\CustomAssetBundle-52625066c401043eda0a3d5088cda126	4977335		world
cache\dongresources_5f01_5f03_2eresourceFile\__info	58		world
cache\dongresources_5f01_5f03_2eresourceFile\CustomAssetBundle-58797ed8de4e74774b3525b93fb74d4f	1663349		world
cache\dongresources_5f01_5f04_2eresourceFile\__info	58		world
cache\dongresources_5f01_5f04_2eresourceFile\CustomAssetBundle-b5c8d3461f5a447b39765d86f27d08ad	1574965		world
cache\dongresources_5f01_5f09_2eresourceFile\__info	31		world
cache\dongresources_5f01_5f09_2eresourceFile\CustomAssetBundle-01_09	1224913		world
cache\dongresources_5f01_5f11_2eresourceFile\__info	58		world
cache\dongresources_5f01_5f11_2eresourceFile\CustomAssetBundle-e3c76a77453434cae8e24c661252529d	1579533		world
cache\dongresources_5f01_5f12_2eresourceFile\__info	58		world
cache\dongresources_5f01_5f12_2eresourceFile\CustomAssetBundle-722f92a10d3734ca3af2846728126cdc	1226641		world
cache\dongresources_5f01_5f13_2eresourceFile\__info	58		world
cache\dongresources_5f01_5f13_2eresourceFile\CustomAssetBundle-ed2cf8d7634324a9aaf019e347fea0ae	1575597		world
cache\dongresources_5f01_5f14_2eresourceFile\__info	58		world
cache\dongresources_5f01_5f14_2eresourceFile\CustomAssetBundle-ed86a98219b9b4c579d5bfa321087727	1924881		world
cache\dongresources_5f02_5f03_2eresourceFile\__info	58		world
cache\dongresources_5f02_5f03_2eresourceFile\CustomAssetBundle-24d865385c1744edd934f7541f7f6075	2645221		world
cache\dongresources_5f02_5f04_2eresourceFile\__info	58		world
cache\dongresources_5f02_5f04_2eresourceFile\CustomAssetBundle-e3f4358d0046e4460aa5bfcb5b532b80	16644682		world
cache\dongresources_5f02_5f05_2eresourceFile\__info	58		world
cache\dongresources_5f02_5f05_2eresourceFile\CustomAssetBundle-c7659cca20fd842fb80950cc0e8a4796	2779474		world
cache\dongresources_5f02_5f11_2eresourceFile\__info	58		world
cache\dongresources_5f02_5f11_2eresourceFile\CustomAssetBundle-ccdce190ec235423ea56689610b17e57	1980888		world
cache\dongresources_5f02_5f12_2eresourceFile\__info	58		world
cache\dongresources_5f02_5f12_2eresourceFile\CustomAssetBundle-05c70d30a9bd048dbaa50774e5c2b593	3787949		world
cache\dongresources_5f02_5f13_2eresourceFile\__info	58		world
cache\dongresources_5f02_5f13_2eresourceFile\CustomAssetBundle-5669d21d9b1ff46b1b074e34bb4d8402	6018334		world
cache\dongresources_5f02_5f14_2eresourceFile\__info	58		world
cache\dongresources_5f02_5f14_2eresourceFile\CustomAssetBundle-dec5af75494174b96899c0fa0b95c6fe	1575685		world
cache\dongresources_5f03_5f01_2eresourceFile\__info	58		world
cache\dongresources_5f03_5f01_2eresourceFile\CustomAssetBundle-081f9133ea588475d988f9d46b6cdbb6	1226206		world
cache\dongresources_5f03_5f02_2eresourceFile\__info	58		world
cache\dongresources_5f03_5f02_2eresourceFile\CustomAssetBundle-cda131e90398f4414b98531cf673e1f1	1225713		world
cache\dongresources_5f03_5f03_2eresourceFile\__info	58		world
cache\dongresources_5f03_5f03_2eresourceFile\CustomAssetBundle-beca87eea47034b2c9636d496171013e	1620337		world
cache\dongresources_5f03_5f04_2eresourceFile\__info	58		world
cache\dongresources_5f03_5f04_2eresourceFile\CustomAssetBundle-7d00e198fbc014c6291cdf141731d1ff	19596080		world
cache\dongresources_5f03_5f05_2eresourceFile\__info	58		world
cache\dongresources_5f03_5f05_2eresourceFile\CustomAssetBundle-496e07f10dcdc49089a4dc02e763eb82	15932016		world
cache\dongresources_5f03_5f06_2eresourceFile\__info	58		world
cache\dongresources_5f03_5f06_2eresourceFile\CustomAssetBundle-b76a42a0b037f4594934752bf626bd54	15017304		world
cache\dongresources_5f03_5f11_2eresourceFile\__info	58		world
cache\dongresources_5f03_5f11_2eresourceFile\CustomAssetBundle-cbe65ef27d9af46c4bb699d2be194726	1638753		world
cache\dongresources_5f03_5f12_2eresourceFile\__info	58		world
cache\dongresources_5f03_5f12_2eresourceFile\CustomAssetBundle-f21e40bcf21734459900551158e6843f	7691732		world
cache\dongresources_5f03_5f13_2eresourceFile\__info	58		world
cache\dongresources_5f03_5f13_2eresourceFile\CustomAssetBundle-b8f83684629fc4a08a801b88515a3205	6110764		world
cache\dongresources_5f03_5f14_2eresourceFile\__info	58		world
cache\dongresources_5f03_5f14_2eresourceFile\CustomAssetBundle-a5054a8c9b3bc4e14b948d3ae161896b	1618777		world
cache\dongresources_5f04_5f01_2eresourceFile\__info	58		world
cache\dongresources_5f04_5f01_2eresourceFile\CustomAssetBundle-52cfb41da635340648a2a24f67bb33a4	1227617		world
cache\dongresources_5f04_5f02_2eresourceFile\__info	58		world
cache\dongresources_5f04_5f02_2eresourceFile\CustomAssetBundle-8e708e0a88a7c4ef1b2b5f51ace52370	37832595		world
cache\dongresources_5f04_5f03_2eresourceFile\__info	58		world
cache\dongresources_5f04_5f03_2eresourceFile\CustomAssetBundle-71c4e29715f9c43c7890d672636790f4	18786403		world
cache\dongresources_5f04_5f04_2eresourceFile\__info	58		world
cache\dongresources_5f04_5f04_2eresourceFile\CustomAssetBundle-20b5bf4bae3cf400e8bf17c542dc05f6	12180391		world
cache\dongresources_5f04_5f05_2eresourceFile\__info	58		world
cache\dongresources_5f04_5f05_2eresourceFile\CustomAssetBundle-bf04bb43a097344ed86b62b943d0d65b	22096740		world
cache\dongresources_5f04_5f06_2eresourceFile\__info	58		world
cache\dongresources_5f04_5f06_2eresourceFile\CustomAssetBundle-7a2d4269834254258b3dfc7d7e7b988c	14366734		world
cache\dongresources_5f04_5f07_2eresourceFile\__info	58		world
cache\dongresources_5f04_5f07_2eresourceFile\CustomAssetBundle-209386cd2079d430eb135729c0662d5d	12499963		world
cache\dongresources_5f04_5f08_2eresourceFile\__info	58		world
cache\dongresources_5f04_5f08_2eresourceFile\CustomAssetBundle-66e1e8044cdc440e9977526dacb3b2aa	1225814		world
cache\dongresources_5f04_5f09_2eresourceFile\__info	58		world
cache\dongresources_5f04_5f09_2eresourceFile\CustomAssetBundle-0d4e5f6a4d44243868fc1f0ef2c808dc	1924969		world
cache\dongresources_5f04_5f10_2eresourceFile\__info	58		world
cache\dongresources_5f04_5f10_2eresourceFile\CustomAssetBundle-5c526f09463ff4c8e94082e01dc48267	1924969		world
cache\dongresources_5f04_5f11_2eresourceFile\__info	58		world
cache\dongresources_5f04_5f11_2eresourceFile\CustomAssetBundle-af2a0dc00165446ceb40d5eb805484f2	1225169		world
cache\dongresources_5f04_5f12_2eresourceFile\__info	58		world
cache\dongresources_5f04_5f12_2eresourceFile\CustomAssetBundle-7939b656832464970beb6e88ce7d3d5b	7504516		world
cache\dongresources_5f04_5f13_2eresourceFile\__info	58		world
cache\dongresources_5f04_5f13_2eresourceFile\CustomAssetBundle-6d698291d2e8c40beb33b356b6129ab8	8345440		world
cache\dongresources_5f04_5f14_2eresourceFile\__info	58		world
cache\dongresources_5f04_5f14_2eresourceFile\CustomAssetBundle-87d6d160c40f04203a3f333e7df4b2b3	1576101		world
cache\dongresources_5f05_5f01_2eresourceFile\__info	58		world
cache\dongresources_5f05_5f01_2eresourceFile\CustomAssetBundle-f307aa9fab4ad49eda800a3b06a560d6	4909093		world
cache\dongresources_5f05_5f02_2eresourceFile\__info	58		world
cache\dongresources_5f05_5f02_2eresourceFile\CustomAssetBundle-489330be222c44a45915ae0bd90095c8	22733766		world
cache\dongresources_5f05_5f03_2eresourceFile\__info	58		world
cache\dongresources_5f05_5f03_2eresourceFile\CustomAssetBundle-9aa87768872f948488665c434083109f	13807001		world
cache\dongresources_5f05_5f04_2eresourceFile\__info	58		world
cache\dongresources_5f05_5f04_2eresourceFile\CustomAssetBundle-b023847ec4b1b46d9b84922f64bea63f	10882535		world
cache\dongresources_5f05_5f05_2eresourceFile\__info	58		world
cache\dongresources_5f05_5f05_2eresourceFile\CustomAssetBundle-a47ab3b3f26204e50bae394025c8620c	23321886		world
cache\dongresources_5f05_5f06_2eresourceFile\__info	58		world
cache\dongresources_5f05_5f06_2eresourceFile\CustomAssetBundle-cc046f909412b47d6ace39b333bffa08	15812137		world
cache\dongresources_5f05_5f07_2eresourceFile\__info	58		world
cache\dongresources_5f05_5f07_2eresourceFile\CustomAssetBundle-9d8758a44f779453a914ff456f4238dd	7253808		world
cache\dongresources_5f05_5f09_2eresourceFile\__info	58		world
cache\dongresources_5f05_5f09_2eresourceFile\CustomAssetBundle-b7be86ffee5e743fbb3ef9620042e30b	1931105		world
cache\dongresources_5f05_5f10_2eresourceFile\__info	58		world
cache\dongresources_5f05_5f10_2eresourceFile\CustomAssetBundle-43d4f95c991e643d79be0a7233ad40a0	14713862		world
cache\dongresources_5f05_5f11_2eresourceFile\__info	58		world
cache\dongresources_5f05_5f11_2eresourceFile\CustomAssetBundle-550746e028f2a4f2dabf3eaf1d4a1c72	10551486		world
cache\dongresources_5f05_5f12_2eresourceFile\__info	58		world
cache\dongresources_5f05_5f12_2eresourceFile\CustomAssetBundle-87852de746f6d4b81b7fe2e72eef6ca1	4706456		world
cache\dongresources_5f05_5f13_2eresourceFile\__info	58		world
cache\dongresources_5f05_5f13_2eresourceFile\CustomAssetBundle-7a03575f06df4464ea978de7ef986466	1225081		world
cache\dongresources_5f05_5f14_2eresourceFile\__info	58		world
cache\dongresources_5f05_5f14_2eresourceFile\CustomAssetBundle-5d2177bbebf254e2d8a987eaabdb2ffd	1225081		world
cache\dongresources_5f06_5f01_2eresourceFile\__info	58		world
cache\dongresources_5f06_5f01_2eresourceFile\CustomAssetBundle-1c95713a17637466db2c221e495b8e69	1225281		world
cache\dongresources_5f06_5f02_2eresourceFile\__info	58		world
cache\dongresources_5f06_5f02_2eresourceFile\CustomAssetBundle-8aa21fc4b712c451692885b1add069c5	1575213		world
cache\dongresources_5f06_5f03_2eresourceFile\__info	58		world
cache\dongresources_5f06_5f03_2eresourceFile\CustomAssetBundle-018461e1073cc4327b64ea7fed87ffb0	19827624		world
cache\dongresources_5f06_5f04_2eresourceFile\__info	58		world
cache\dongresources_5f06_5f04_2eresourceFile\CustomAssetBundle-885510411eb6045ea99c3443a1166fef	15246690		world
cache\dongresources_5f06_5f05_2eresourceFile\__info	58		world
cache\dongresources_5f06_5f05_2eresourceFile\CustomAssetBundle-d28c19b4c3391473485fa81b63a103bc	11508358		world
cache\dongresources_5f06_5f06_2eresourceFile\__info	58		world
cache\dongresources_5f06_5f06_2eresourceFile\CustomAssetBundle-656fa1b16bf5d4b8dac9bb013ceddd0c	13065028		world
cache\dongresources_5f06_5f09_2eresourceFile\__info	58		world
cache\dongresources_5f06_5f09_2eresourceFile\CustomAssetBundle-4593b6eb8ee414212948c456890f3de2	1992324		world
cache\dongresources_5f06_5f10_2eresourceFile\__info	58		world
cache\dongresources_5f06_5f10_2eresourceFile\CustomAssetBundle-fa3d425d6dbc24cee8ec6c3ffda4bef2	19070203		world
cache\dongresources_5f06_5f11_2eresourceFile\__info	58		world
cache\dongresources_5f06_5f11_2eresourceFile\CustomAssetBundle-f41b6747a38894cd9bdc2c2f951800c1	1225249		world
cache\dongresources_5f06_5f12_2eresourceFile\__info	58		world
cache\dongresources_5f06_5f12_2eresourceFile\CustomAssetBundle-5e2d85c8f1d214117a630dce75a54e1c	1225257		world
cache\dongresources_5f06_5f13_2eresourceFile\__info	58		world
cache\dongresources_5f06_5f13_2eresourceFile\CustomAssetBundle-0d3a4bb9906434095962d7553efd66f2	3856390		world
cache\dongresources_5f06_5f14_2eresourceFile\__info	58		world
cache\dongresources_5f06_5f14_2eresourceFile\CustomAssetBundle-550acb51ca18349929f81924a1863785	4316431		world
cache\dongresources_5f07_5f03_2eresourceFile\__info	58		world
cache\dongresources_5f07_5f03_2eresourceFile\CustomAssetBundle-1b227166f6493434fa08875f848deb05	1618881		world
cache\dongresources_5f07_5f04_2eresourceFile\__info	58		world
cache\dongresources_5f07_5f04_2eresourceFile\CustomAssetBundle-ff0a67756e3464fc0b0e5942e85a8687	1574981		world
cache\dongresources_5f07_5f05_2eresourceFile\__info	58		world
cache\dongresources_5f07_5f05_2eresourceFile\CustomAssetBundle-946a944bff58148f29e272c215cc2b7a	1709385		world
cache\dongresources_5f07_5f06_2eresourceFile\__info	58		world
cache\dongresources_5f07_5f06_2eresourceFile\CustomAssetBundle-e5a53b272630f4113ac7dfa756eae499	26388215		world
cache\dongresources_5f07_5f07_2eresourceFile\__info	58		world
cache\dongresources_5f07_5f07_2eresourceFile\CustomAssetBundle-e586408f64af3468cabd05292133fd20	14184386		world
cache\dongresources_5f07_5f08_2eresourceFile\__info	58		world
cache\dongresources_5f07_5f08_2eresourceFile\CustomAssetBundle-f084c5842e2eb4f738aa4218bbc4514c	16712006		world
cache\dongresources_5f07_5f09_2eresourceFile\__info	58		world
cache\dongresources_5f07_5f09_2eresourceFile\CustomAssetBundle-24549bc5ac1cb4c6293be4d1169ef4fa	1927161		world
cache\dongresources_5f07_5f10_2eresourceFile\__info	58		world
cache\dongresources_5f07_5f10_2eresourceFile\CustomAssetBundle-5039d842b6e4d40faac630ec9db9d7ee	1925977		world
cache\dongresources_5f07_5f13_2eresourceFile\__info	58		world
cache\dongresources_5f07_5f13_2eresourceFile\CustomAssetBundle-652978d15e947486f81288f1e719d158	2016556		world
cache\dongresources_5f07_5f14_2eresourceFile\__info	58		world
cache\dongresources_5f07_5f14_2eresourceFile\CustomAssetBundle-e59f3e291de554e43b5030c713cd1149	1953960		world
cache\dongresources_5f08_5f05_2eresourceFile\__info	58		world
cache\dongresources_5f08_5f05_2eresourceFile\CustomAssetBundle-fe315a5d4349a4217bb62ff2ce027a32	1201174		world
cache\dongresources_5f08_5f06_2eresourceFile\__info	58		world
cache\dongresources_5f08_5f06_2eresourceFile\CustomAssetBundle-a3962f73ba4214b50b6d88e38442b1c2	14367869		world
cache\dongresources_5f08_5f07_2eresourceFile\__info	58		world
cache\dongresources_5f08_5f07_2eresourceFile\CustomAssetBundle-95051f52832ac44e9827c3e11277fe08	18322058		world
cache\dongresources_5f08_5f08_2eresourceFile\__info	58		world
cache\dongresources_5f08_5f08_2eresourceFile\CustomAssetBundle-110bd21cc19974ccd973289961093237	2728201		world
cache\dongresources_5f08_5f09_2eresourceFile\__info	58		world
cache\dongresources_5f08_5f09_2eresourceFile\CustomAssetBundle-628c03d84a4244e808128bf920df1907	1225161		world
cache\dongresources_5f08_5f10_2eresourceFile\__info	58		world
cache\dongresources_5f08_5f10_2eresourceFile\CustomAssetBundle-daf099b7ce49f41e5996715c69b87f3a	1574909		world
cache\dongresources_5f08_5f11_2eresourceFile\__info	58		world
cache\dongresources_5f08_5f11_2eresourceFile\CustomAssetBundle-57d22749a6b324e79a03393c71be129f	1924905		world
cache\dongresources_5f08_5f12_2eresourceFile\__info	58		world
cache\dongresources_5f08_5f12_2eresourceFile\CustomAssetBundle-8b565be45089541fcaca667432652147	3601421		world
cache\dongresources_5f08_5f13_2eresourceFile\__info	58		world
cache\dongresources_5f08_5f13_2eresourceFile\CustomAssetBundle-434026f09b7824b509a0203ac84c6bd1	3628244		world
cache\dongresources_5f08_5f14_2eresourceFile\__info	58		world
cache\dongresources_5f08_5f14_2eresourceFile\CustomAssetBundle-eec46014e21944bb283c0ad046d2ee15	2504724		world
cache\dongresources_5f09_5f06_2eresourceFile\__info	58		world
cache\dongresources_5f09_5f06_2eresourceFile\CustomAssetBundle-4427e9c8a3d7e49c38b99d6fae1ff968	10105790		world
cache\dongresources_5f09_5f07_2eresourceFile\__info	58		world
cache\dongresources_5f09_5f07_2eresourceFile\CustomAssetBundle-ced867b51181e4a15942718a681bc8b8	14314345		world
cache\dongresources_5f09_5f08_2eresourceFile\__info	58		world
cache\dongresources_5f09_5f08_2eresourceFile\CustomAssetBundle-d496634eb571e4a8c82489c2e7fddf70	18227630		world
cache\dongresources_5f09_5f09_2eresourceFile\__info	58		world
cache\dongresources_5f09_5f09_2eresourceFile\CustomAssetBundle-ab0d03a406c584dcb9291527495ca836	9691280		world
cache\dongresources_5f09_5f10_2eresourceFile\__info	58		world
cache\dongresources_5f09_5f10_2eresourceFile\CustomAssetBundle-4d4baeda31b3f4f99b728132db2c004c	12034318		world
cache\dongresources_5f09_5f11_2eresourceFile\__info	58		world
cache\dongresources_5f09_5f11_2eresourceFile\CustomAssetBundle-90bd99b4e7176413caefc5722c4ac64d	10096409		world
cache\dongresources_5f09_5f12_2eresourceFile\__info	58		world
cache\dongresources_5f09_5f12_2eresourceFile\CustomAssetBundle-d5d0dc6924c5f4e918710839836cdb8b	17972452		world
cache\dongresources_5f09_5f13_2eresourceFile\__info	58		world
cache\dongresources_5f09_5f13_2eresourceFile\CustomAssetBundle-310c8c9d47e7844cd9416597ea0bf266	8666210		world
cache\dongresources_5f09_5f14_2eresourceFile\__info	58		world
cache\dongresources_5f09_5f14_2eresourceFile\CustomAssetBundle-8787e708257614f169299a5c4fc7c4d0	2659443		world
cache\dongresources_5f10_5f00_2eresourceFile\__info	58		world
cache\dongresources_5f10_5f00_2eresourceFile\CustomAssetBundle-9f7eb2f8f657749ddb539ae81c9e6b5b	1226665		world
cache\dongresources_5f10_5f01_2eresourceFile\__info	58		world
cache\dongresources_5f10_5f01_2eresourceFile\CustomAssetBundle-28f0dac5d1bdc4842a58e85b34e29a0a	1225657		world
cache\dongresources_5f10_5f02_2eresourceFile\__info	58		world
cache\dongresources_5f10_5f02_2eresourceFile\CustomAssetBundle-56e913499eb7742c8a1d9471663ed17a	1226393		world
cache\dongresources_5f10_5f07_2eresourceFile\__info	58		world
cache\dongresources_5f10_5f07_2eresourceFile\CustomAssetBundle-574ca8c2fed89492582a3fbd49965c12	6211366		world
cache\dongresources_5f10_5f08_2eresourceFile\__info	58		world
cache\dongresources_5f10_5f08_2eresourceFile\CustomAssetBundle-9b69601ac51b441a3b641916ed45c1f0	9139471		world
cache\dongresources_5f10_5f09_2eresourceFile\__info	58		world
cache\dongresources_5f10_5f09_2eresourceFile\CustomAssetBundle-24d05a331a0e046ee827276ebb90b5bb	6902287		world
cache\dongresources_5f10_5f10_2eresourceFile\__info	58		world
cache\dongresources_5f10_5f10_2eresourceFile\CustomAssetBundle-903ddb08babc94bb1add9a53773d342e	22914778		world
cache\dongresources_5f10_5f11_2eresourceFile\__info	58		world
cache\dongresources_5f10_5f11_2eresourceFile\CustomAssetBundle-3040dfbae0859498e9e686eee6b9891b	9168670		world
cache\dongresources_5f10_5f12_2eresourceFile\__info	58		world
cache\dongresources_5f10_5f12_2eresourceFile\CustomAssetBundle-958ab5895759c4bcda05465e730bcb9e	4231137		world
cache\dongresources_5f10_5f13_2eresourceFile\__info	58		world
cache\dongresources_5f10_5f13_2eresourceFile\CustomAssetBundle-9ad924af241f14b55848f255530ef1e5	1970013		world
cache\dongresources_5f10_5f14_2eresourceFile\__info	58		world
cache\dongresources_5f10_5f14_2eresourceFile\CustomAssetBundle-66ee491551dc24f829f9e48874b99d76	6352476		world
cache\dongresources_5f11_5f00_2eresourceFile\__info	58		world
cache\dongresources_5f11_5f00_2eresourceFile\CustomAssetBundle-d6a532cdd6ead4f3585209db4931a951	1226385		world
cache\dongresources_5f11_5f01_2eresourceFile\__info	58		world
cache\dongresources_5f11_5f01_2eresourceFile\CustomAssetBundle-db510aa3fb3684e8ab3f717f711bdf23	12649548		world
cache\dongresources_5f11_5f02_2eresourceFile\__info	58		world
cache\dongresources_5f11_5f02_2eresourceFile\CustomAssetBundle-e1c691ceee8bd4fa094126bb2e97efb5	1226649		world
cache\dongresources_5f11_5f03_2eresourceFile\__info	58		world
cache\dongresources_5f11_5f03_2eresourceFile\CustomAssetBundle-5cfa9e97295134120b6e121c7d729cb6	1226385		world
cache\dongresources_5f11_5f04_2eresourceFile\__info	58		world
cache\dongresources_5f11_5f04_2eresourceFile\CustomAssetBundle-7f51484894a4d41ce8eb03ec458247c4	1226409		world
cache\dongresources_5f11_5f06_2eresourceFile\__info	58		world
cache\dongresources_5f11_5f06_2eresourceFile\CustomAssetBundle-aa32c7f9f0af94c9e93816052e6bc251	1576386		world
cache\dongresources_5f11_5f07_2eresourceFile\__info	58		world
cache\dongresources_5f11_5f07_2eresourceFile\CustomAssetBundle-609840707077a4672ad3dcb57db6cc8e	10906989		world
cache\dongresources_5f11_5f08_2eresourceFile\__info	58		world
cache\dongresources_5f11_5f08_2eresourceFile\CustomAssetBundle-cf428d9dda5d6438e855b01160280c85	13792474		world
cache\dongresources_5f11_5f09_2eresourceFile\__info	58		world
cache\dongresources_5f11_5f09_2eresourceFile\CustomAssetBundle-6d135ba5d47d740b1b027cdb48c57474	4994690		world
cache\dongresources_5f11_5f10_2eresourceFile\__info	58		world
cache\dongresources_5f11_5f10_2eresourceFile\CustomAssetBundle-c579cde4b65004759aada9d99fe2f60c	11278036		world
cache\dongresources_5f11_5f11_2eresourceFile\__info	58		world
cache\dongresources_5f11_5f11_2eresourceFile\CustomAssetBundle-06dda97267d9748d6b97d74a54f67a3b	16746927		world
cache\dongresources_5f11_5f12_2eresourceFile\__info	58		world
cache\dongresources_5f11_5f12_2eresourceFile\CustomAssetBundle-3e3b3a79894c6476fab21a645211407a	4542044		world
cache\dongresources_5f11_5f15_2eresourceFile\__info	18		world
cache\dongresources_5f11_5f15_2eresourceFile\dong-11_15	1224913		world
cache\dongresources_5f12_5f00_2eresourceFile\__info	58		world
cache\dongresources_5f12_5f00_2eresourceFile\CustomAssetBundle-1e1a04e06080c4cd0a03318982914120	1226649		world
cache\dongresources_5f12_5f01_2eresourceFile\__info	58		world
cache\dongresources_5f12_5f01_2eresourceFile\CustomAssetBundle-02d66e9453fa04a7699bc34b313202c5	12892967		world
cache\dongresources_5f12_5f02_2eresourceFile\__info	58		world
cache\dongresources_5f12_5f02_2eresourceFile\CustomAssetBundle-7ef56dc5aaefa4218a03735b28443763	13936786		world
cache\dongresources_5f12_5f03_2eresourceFile\__info	58		world
cache\dongresources_5f12_5f03_2eresourceFile\CustomAssetBundle-fc9af42706a3447f4b73cdf66ec2b9a9	14220569		world
cache\dongresources_5f12_5f04_2eresourceFile\__info	58		world
cache\dongresources_5f12_5f04_2eresourceFile\CustomAssetBundle-873dfab4a62cb4d12a19f3c0ce747ab2	1226409		world
cache\dongresources_5f12_5f07_2eresourceFile\__info	58		world
cache\dongresources_5f12_5f07_2eresourceFile\CustomAssetBundle-59561a4f1b9e3449bb66f76675e09e54	1926102		world
cache\dongresources_5f12_5f08_2eresourceFile\__info	58		world
cache\dongresources_5f12_5f08_2eresourceFile\CustomAssetBundle-535d48594c6b840209ce06dcf6b3b028	4387511		world
cache\dongresources_5f12_5f09_2eresourceFile\__info	58		world
cache\dongresources_5f12_5f09_2eresourceFile\CustomAssetBundle-51ff75b52842e40e9b4c0dd6da9d91f1	7458165		world
cache\dongresources_5f12_5f10_2eresourceFile\__info	58		world
cache\dongresources_5f12_5f10_2eresourceFile\CustomAssetBundle-b35a71b799a32429bbe08591cf8fa254	13269557		world
cache\dongresources_5f12_5f11_2eresourceFile\__info	58		world
cache\dongresources_5f12_5f11_2eresourceFile\CustomAssetBundle-23fe1b2a85dff4e7eab8b1d8bd04b9a8	2014337		world
cache\dongresources_5f12_5f12_2eresourceFile\__info	58		world
cache\dongresources_5f12_5f12_2eresourceFile\CustomAssetBundle-ecd75f171df464da0bb28d4cd5a909b5	2145661		world
cache\dongresources_5f12_5f13_2eresourceFile\__info	58		world
cache\dongresources_5f12_5f13_2eresourceFile\CustomAssetBundle-9969574cf4cf44debbb7d48d4de138ef	11595862		world
cache\dongresources_5f12_5f14_2eresourceFile\__info	58		world
cache\dongresources_5f12_5f14_2eresourceFile\CustomAssetBundle-014f46a5965354584bdde44da095cafb	8227391		world
cache\dongresources_5f12_5f15_2eresourceFile\__info	58		world
cache\dongresources_5f12_5f15_2eresourceFile\CustomAssetBundle-5a9285b22f41f475780c89aef5dce7a1	36747415		world
cache\dongresources_5f13_5f00_2eresourceFile\__info	58		world
cache\dongresources_5f13_5f00_2eresourceFile\CustomAssetBundle-f86263d258f294e44993766e1a473d78	1226409		world
cache\dongresources_5f13_5f01_2eresourceFile\__info	58		world
cache\dongresources_5f13_5f01_2eresourceFile\CustomAssetBundle-e5fec702bbecd49f1ba4ef5028e433ac	12885602		world
cache\dongresources_5f13_5f02_2eresourceFile\__info	58		world
cache\dongresources_5f13_5f02_2eresourceFile\CustomAssetBundle-66ed84502173e4d27848427bb707a255	17374812		world
cache\dongresources_5f13_5f03_2eresourceFile\__info	58		world
cache\dongresources_5f13_5f03_2eresourceFile\CustomAssetBundle-69e539ac29cf741dbb826fa1ceccaf6b	1226665		world
cache\dongresources_5f13_5f04_2eresourceFile\__info	58		world
cache\dongresources_5f13_5f04_2eresourceFile\CustomAssetBundle-e239c18eadae94c71b839eb9cc53347b	1226393		world
cache\dongresources_5f13_5f08_2eresourceFile\__info	58		world
cache\dongresources_5f13_5f08_2eresourceFile\CustomAssetBundle-0811d6218cdc64f47a6e9f1ddc6838ca	2684961		world
cache\dongresources_5f13_5f09_2eresourceFile\__info	58		world
cache\dongresources_5f13_5f09_2eresourceFile\CustomAssetBundle-f3c3fc9486de84284be853d6f2f088a6	2644429		world
cache\dongresources_5f13_5f10_2eresourceFile\__info	58		world
cache\dongresources_5f13_5f10_2eresourceFile\CustomAssetBundle-dad3ce5ae12a143d1ad31a5ce33f04fe	2994489		world
cache\dongresources_5f13_5f11_2eresourceFile\__info	58		world
cache\dongresources_5f13_5f11_2eresourceFile\CustomAssetBundle-e0557eb8b2f4f432bb4eb4f7fe46d283	1576413		world
cache\dongresources_5f13_5f13_2eresourceFile\__info	58		world
cache\dongresources_5f13_5f13_2eresourceFile\CustomAssetBundle-711d73c90fc244459b2e21f233c2a32f	10544027		world
cache\dongresources_5f13_5f14_2eresourceFile\__info	58		world
cache\dongresources_5f13_5f14_2eresourceFile\CustomAssetBundle-d9c439d25757f40c195d8432d895297e	6099943		world
cache\dongresources_5f13_5f15_2eresourceFile\__info	58		world
cache\dongresources_5f13_5f15_2eresourceFile\CustomAssetBundle-58e37c3afc232413eafb38f1b5affd0e	5294974		world
cache\dongresources_5f14_5f00_2eresourceFile\__info	58		world
cache\dongresources_5f14_5f00_2eresourceFile\CustomAssetBundle-ff43af5ab5c9a43e38562215c5f8f019	1226665		world
cache\dongresources_5f14_5f01_2eresourceFile\__info	58		world
cache\dongresources_5f14_5f01_2eresourceFile\CustomAssetBundle-6d5a14b9e5aac468aa7771902eafa473	9176315		world
cache\dongresources_5f14_5f02_2eresourceFile\__info	58		world
cache\dongresources_5f14_5f02_2eresourceFile\CustomAssetBundle-04c66302f9b384392a2e8befe713193d	14235766		world
cache\dongresources_5f14_5f03_2eresourceFile\__info	58		world
cache\dongresources_5f14_5f03_2eresourceFile\CustomAssetBundle-42670397e4b284b779fdd606e799410c	1226649		world
cache\dongresources_5f14_5f07_2eresourceFile\__info	58		world
cache\dongresources_5f14_5f07_2eresourceFile\CustomAssetBundle-cbf2014042fb34effbee02178cfa0d86	3285265		world
cache\dongresources_5f14_5f12_2eresourceFile\__info	58		world
cache\dongresources_5f14_5f12_2eresourceFile\CustomAssetBundle-9b31020480c41401aa755ede04a64864	4122729		world
cache\dongresources_5f14_5f13_2eresourceFile\__info	58		world
cache\dongresources_5f14_5f13_2eresourceFile\CustomAssetBundle-22545ba66565848a08e39c0346cfbb08	10737275		world
cache\dongresources_5f14_5f14_2eresourceFile\__info	58		world
cache\dongresources_5f14_5f14_2eresourceFile\CustomAssetBundle-e70c859b14adb4cbeb715636db8e5a9c	8010302		world
cache\dongresources_5f14_5f15_2eresourceFile\__info	58		world
cache\dongresources_5f14_5f15_2eresourceFile\CustomAssetBundle-b9ba451e34ac2417e9bbd0032d4e3aa6	12856255		world
cache\dongresources_5f15_5f00_2eresourceFile\__info	58		world
cache\dongresources_5f15_5f00_2eresourceFile\CustomAssetBundle-50e64ff5e78fb44c983323229c7a52d5	1226393		world
cache\dongresources_5f15_5f01_2eresourceFile\__info	58		world
cache\dongresources_5f15_5f01_2eresourceFile\CustomAssetBundle-966bac11c7a1445a4a71f2f07c73cbbe	1226409		world
cache\dongresources_5f15_5f02_2eresourceFile\__info	58		world
cache\dongresources_5f15_5f02_2eresourceFile\CustomAssetBundle-1f7781529694542a6af7ee7b17234dbf	1226649		world
cache\dongresources_5f15_5f03_2eresourceFile\__info	58		world
cache\dongresources_5f15_5f03_2eresourceFile\CustomAssetBundle-c5b2b9033ca13463f8009f95ad0eb215	1226393		world
cache\dongresources_5f15_5f09_2eresourceFile\__info	58		world
cache\dongresources_5f15_5f09_2eresourceFile\CustomAssetBundle-44e1ca89ac0094f0c99f84bb69a8c18a	17160330		world
cache\dongresources_5f15_5f10_2eresourceFile\__info	58		world
cache\dongresources_5f15_5f10_2eresourceFile\CustomAssetBundle-d16f6f44d278b4c5d95a7cf6bf673c21	4691791		world
cache\dongresources_5f15_5f11_2eresourceFile\__info	58		world
cache\dongresources_5f15_5f11_2eresourceFile\CustomAssetBundle-8f2d9930c3ae947aab99a9d4df2131b5	6261824		world
cache\dongresources_5f15_5f12_2eresourceFile\__info	58		world
cache\dongresources_5f15_5f12_2eresourceFile\CustomAssetBundle-38e84128471c24a7d8de2ccdcae93ad7	16036272		world
cache\dongresources_5f15_5f13_2eresourceFile\__info	58		world
cache\dongresources_5f15_5f13_2eresourceFile\CustomAssetBundle-2c2ed52a8a4eb4e8f85180274045ca28	9582962		world
cache\dongresources_5f15_5f14_2eresourceFile\__info	58		world
cache\dongresources_5f15_5f14_2eresourceFile\CustomAssetBundle-bd3826e898fa144bbb74dd75fc5d09ac	11701143		world
cache\dongresources_5f15_5f15_2eresourceFile\__info	58		world
cache\dongresources_5f15_5f15_2eresourceFile\CustomAssetBundle-fedf6e85226f948a3a0f144f0d4e0b8a	12706011		world
cache\effects_2eresourceFile\__info	58		other
cache\effects_2eresourceFile\CustomAssetBundle-fa9dbcf4604f64024b06ff1d5e375918	30528646		other
cache\ffracademyvehicles_2eresourceFile\__info	45		other
cache\ffracademyvehicles_2eresourceFile\CustomAssetBundle-FFRAcademyVehicles	5430688		other
cache\ffracademywearables_2eresourceFile\__info	47		items
cache\ffracademywearables_2eresourceFile\CustomAssetBundle-FFRAcademyWearables	64149943		items
cache\ffravatar_2eresourceFile\__info	59		other
cache\ffravatar_2eresourceFile\CustomAssetBundle-a5cab62bc14b11c43bf3da0b69ecd68b	46919064		other
cache\ffreffect_2eresourceFile\__info	59		other
cache\ffreffect_2eresourceFile\CustomAssetBundle-0be5150de895d2044a1e5bad68374262	14284368		other
cache\ffrgui_2eresourceFile\__info	60		other
cache\ffrgui_2eresourceFile\CustomAssetBundle-3196058924fa04646b4e4559c6636c0c	110715337		other
cache\ffrlogin_2eresourceFile\__info	59		other
cache\ffrlogin_2eresourceFile\CustomAssetBundle-019b89918bb24e9459ce9f7d0a4aae56	4450123		other
cache\ffrshared_2eresourceFile\__info	60		other
cache\ffrshared_2eresourceFile\CustomAssetBundle-853c9f6ecd3c97f4a85fc671b4165383	91359495		other
cache\ffrsound_2eresourceFile\__info	59		other
cache\ffrsound_2eresourceFile\CustomAssetBundle-54ebb70d6fd99f44e98b25e4dde96360	11980855		other
cache\freearea_5fshared_2eresourceFile\__info	58		other
cache\freearea_5fshared_2eresourceFile\CustomAssetBundle-74b5d4666b65a47518510d30c66283ee	31126658		other
cache\fusound_2eresourceFile\__info	58		other
cache\fusound_2eresourceFile\CustomAssetBundle-7211990c5b092477aa0690a9eac3ff0a	2677979		other
cache\futuremusic_2eresourceFile\__info	58		other
cache\futuremusic_2eresourceFile\CustomAssetBundle-dd868eaff6fae4b9393ed8bcd34941a2	6426971		other
cache\futurenano_2eresourceFile\__info	58		characters
cache\futurenano_2eresourceFile\CustomAssetBundle-50513e574023b4e259c6fd245ae5bc06	4222699		characters
cache\icons_2eresourceFile\__info	58		items
cache\icons_2eresourceFile\CustomAssetBundle-784fa24bcf2da4f5eabe9547958616eb	19984725		items
cache\lobbymusic_2eresourceFile\__info	59		other
cache\lobbymusic_2eresourceFile\CustomAssetBundle-ea18f90c57bb14624902c8501d46a1c8	1055339		other
cache\map_5f00_5f00_2eunity3d\__info	64		other
cache\map_5f00_5f00_2eunity3d\BuildPlayer-Map_00_00	37181		world,characters
cache\map_5f00_5f00_2eunity3d\BuildPlayer-Map_00_00.sharedAssets	750	.sharedassets	world,characters
cache\map_5f00_5f01_2eunity3d\__info	64		other
cache\map_5f00_5f01_2eunity3d\BuildPlayer-Map_00_01	364241		world,characters
cache\map_5f00_5f01_2eunity3d\BuildPlayer-Map_00_01.sharedAssets	1070	.sharedassets	world,characters
cache\map_5f00_5f02_2eunity3d\__info	64		other
cache\map_5f00_5f02_2eunity3d\BuildPlayer-Map_00_02	357637		world,characters
cache\map_5f00_5f02_2eunity3d\BuildPlayer-Map_00_02.sharedAssets	750	.sharedassets	world,characters
cache\map_5f00_5f08_2eunity3d\__info	64		other
cache\map_5f00_5f08_2eunity3d\BuildPlayer-Map_00_08	493363		world,characters
cache\map_5f00_5f08_2eunity3d\BuildPlayer-Map_00_08.sharedAssets	822	.sharedassets	world,characters
cache\map_5f00_5f09_2eunity3d\__info	64		other
cache\map_5f00_5f09_2eunity3d\BuildPlayer-Map_00_09	493363		world,characters
cache\map_5f00_5f09_2eunity3d\BuildPlayer-Map_00_09.sharedAssets	822	.sharedassets	world,characters
cache\map_5f01_5f00_2eunity3d\__info	64		other
cache\map_5f01_5f00_2eunity3d\BuildPlayer-Map_01_00	361645		world,characters
cache\map_5f01_5f00_2eunity3d\BuildPlayer-Map_01_00.sharedAssets	950	.sharedassets	world,characters
cache\map_5f01_5f01_2eunity3d\__info	64		other
cache\map_5f01_5f01_2eunity3d\BuildPlayer-Map_01_01	661549		world,characters
cache\map_5f01_5f01_2eunity3d\BuildPlayer-Map_01_01.sharedAssets	7206	.sharedassets	world,characters
cache\map_5f01_5f02_2eunity3d\__info	64		other
cache\map_5f01_5f02_2eunity3d\BuildPlayer-Map_01_02	357641		world,characters
cache\map_5f01_5f02_2eunity3d\BuildPlayer-Map_01_02.sharedAssets	750	.sharedassets	world,characters
cache\map_5f01_5f03_2eunity3d\__info	64		other
cache\map_5f01_5f03_2eunity3d\BuildPlayer-Map_01_03	120732		world,characters
cache\map_5f01_5f03_2eunity3d\BuildPlayer-Map_01_03.sharedAssets	990	.sharedassets	world,characters
cache\map_5f01_5f04_2eunity3d\__info	64		other
cache\map_5f01_5f04_2eunity3d\BuildPlayer-Map_01_04	690193		world,characters
cache\map_5f01_5f04_2eunity3d\BuildPlayer-Map_01_04.sharedAssets	934	.sharedassets	world,characters
cache\map_5f01_5f09_2eunity3d\__info	64		other
cache\map_5f01_5f09_2eunity3d\BuildPlayer-Map_01_09	493363		world,characters
cache\map_5f01_5f09_2eunity3d\BuildPlayer-Map_01_09.sharedAssets	822	.sharedassets	world,characters
cache\map_5f01_5f11_2eunity3d\__info	64		other
cache\map_5f01_5f11_2eunity3d\BuildPlayer-Map_01_11	195549		world,characters
cache\map_5f01_5f11_2eunity3d\BuildPlayer-Map_01_11.sharedAssets	1438	.sharedassets	world,characters
cache\map_5f01_5f12_2eunity3d\__info	64		other
cache\map_5f01_5f12_2eunity3d\BuildPlayer-Map_01_12	67296		world,characters
cache\map_5f01_5f12_2eunity3d\BuildPlayer-Map_01_12.sharedAssets	1014	.sharedassets	world,characters
cache\map_5f01_5f13_2eunity3d\__info	64		other
cache\map_5f01_5f13_2eunity3d\BuildPlayer-Map_01_13	37917		world,characters
cache\map_5f01_5f13_2eunity3d\BuildPlayer-Map_01_13.sharedAssets	974	.sharedassets	world,characters
cache\map_5f01_5f14_2eunity3d\__info	64		other
cache\map_5f01_5f14_2eunity3d\BuildPlayer-Map_01_14	37253		world,characters
cache\map_5f01_5f14_2eunity3d\BuildPlayer-Map_01_14.sharedAssets	966	.sharedassets	world,characters
cache\map_5f02_5f00_2eunity3d\__info	64		other
cache\map_5f02_5f00_2eunity3d\BuildPlayer-Map_02_00	357641		world,characters
cache\map_5f02_5f00_2eunity3d\BuildPlayer-Map_02_00.sharedAssets	750	.sharedassets	world,characters
cache\map_5f02_5f01_2eunity3d\__info	64		other
cache\map_5f02_5f01_2eunity3d\BuildPlayer-Map_02_01	368082		world,characters
cache\map_5f02_5f01_2eunity3d\BuildPlayer-Map_02_01.sharedAssets	1118	.sharedassets	world,characters
cache\map_5f02_5f02_2eunity3d\__info	64		other
cache\map_5f02_5f02_2eunity3d\BuildPlayer-Map_02_02	357641		world,characters
cache\map_5f02_5f02_2eunity3d\BuildPlayer-Map_02_02.sharedAssets	750	.sharedassets	world,characters
cache\map_5f02_5f03_2eunity3d\__info	64		other
cache\map_5f02_5f03_2eunity3d\BuildPlayer-Map_02_03	335396		world,characters
cache\map_5f02_5f03_2eunity3d\BuildPlayer-Map_02_03.sharedAssets	1278	.sharedassets	world,characters
cache\map_5f02_5f04_2eunity3d\__info	64		other
cache\map_5f02_5f04_2eunity3d\BuildPlayer-Map_02_04	1755671		world,characters
cache\map_5f02_5f04_2eunity3d\BuildPlayer-Map_02_04.sharedAssets	11398	.sharedassets	world,characters
cache\map_5f02_5f05_2eunity3d\__info	64		other
cache\map_5f02_5f05_2eunity3d\BuildPlayer-Map_02_05	40589		world,characters
cache\map_5f02_5f05_2eunity3d\BuildPlayer-Map_02_05.sharedAssets	1086	.sharedassets	world,characters
cache\map_5f02_5f11_2eunity3d\__info	64		other
cache\map_5f02_5f11_2eunity3d\BuildPlayer-Map_02_11	778266		world,characters
cache\map_5f02_5f11_2eunity3d\BuildPlayer-Map_02_11.sharedAssets	3294	.sharedassets	world,characters
cache\map_5f02_5f12_2eunity3d\__info	64		other
cache\map_5f02_5f12_2eunity3d\BuildPlayer-Map_02_12	2288260		world,characters
cache\map_5f02_5f12_2eunity3d\BuildPlayer-Map_02_12.sharedAssets	7902	.sharedassets	world,characters
cache\map_5f02_5f13_2eunity3d\__info	64		other
cache\map_5f02_5f13_2eunity3d\BuildPlayer-Map_02_13	1449590		world,characters
cache\map_5f02_5f13_2eunity3d\BuildPlayer-Map_02_13.sharedAssets	5566	.sharedassets	world,characters
cache\map_5f02_5f14_2eunity3d\__info	64		other
cache\map_5f02_5f14_2eunity3d\BuildPlayer-Map_02_14	38621		world,characters
cache\map_5f02_5f14_2eunity3d\BuildPlayer-Map_02_14.sharedAssets	982	.sharedassets	world,characters
cache\map_5f03_5f01_2eunity3d\__info	64		other
cache\map_5f03_5f01_2eunity3d\BuildPlayer-Map_03_01	90817		world,characters
cache\map_5f03_5f01_2eunity3d\BuildPlayer-Map_03_01.sharedAssets	934	.sharedassets	world,characters
cache\map_5f03_5f02_2eunity3d\__info	64		other
cache\map_5f03_5f02_2eunity3d\BuildPlayer-Map_03_02	44349		world,characters
cache\map_5f03_5f02_2eunity3d\BuildPlayer-Map_03_02.sharedAssets	942	.sharedassets	world,characters
cache\map_5f03_5f03_2eunity3d\__info	64		other
cache\map_5f03_5f03_2eunity3d\BuildPlayer-Map_03_03	283996		world,characters
cache\map_5f03_5f03_2eunity3d\BuildPlayer-Map_03_03.sharedAssets	1046	.sharedassets	world,characters
cache\map_5f03_5f04_2eunity3d\__info	64		other
cache\map_5f03_5f04_2eunity3d\BuildPlayer-Map_03_04	1096583		world,characters
cache\map_5f03_5f04_2eunity3d\BuildPlayer-Map_03_04.sharedAssets	9070	.sharedassets	world,characters
cache\map_5f03_5f05_2eunity3d\__info	64		other
cache\map_5f03_5f05_2eunity3d\BuildPlayer-Map_03_05	752482		world,characters
cache\map_5f03_5f05_2eunity3d\BuildPlayer-Map_03_05.sharedAssets	6462	.sharedassets	world,characters
cache\map_5f03_5f06_2eunity3d\__info	64		other
cache\map_5f03_5f06_2eunity3d\BuildPlayer-Map_03_06	1549195		world,characters
cache\map_5f03_5f06_2eunity3d\BuildPlayer-Map_03_06.sharedAssets	10670	.sharedassets	world,characters
cache\map_5f03_5f11_2eunity3d\__info	64		other
cache\map_5f03_5f11_2eunity3d\BuildPlayer-Map_03_11	261226		world,characters
cache\map_5f03_5f11_2eunity3d\BuildPlayer-Map_03_11.sharedAssets	2454	.sharedassets	world,characters
cache\map_5f03_5f12_2eunity3d\__info	64		other
cache\map_5f03_5f12_2eunity3d\BuildPlayer-Map_03_12	1030562		world,characters
cache\map_5f03_5f12_2eunity3d\BuildPlayer-Map_03_12.sharedAssets	7326	.sharedassets	world,characters
cache\map_5f03_5f13_2eunity3d\__info	64		other
cache\map_5f03_5f13_2eunity3d\BuildPlayer-Map_03_13	1118274		world,characters
cache\map_5f03_5f13_2eunity3d\BuildPlayer-Map_03_13.sharedAssets	6070	.sharedassets	world,characters
cache\map_5f03_5f14_2eunity3d\__info	64		other
cache\map_5f03_5f14_2eunity3d\BuildPlayer-Map_03_14	37581		world,characters
cache\map_5f03_5f14_2eunity3d\BuildPlayer-Map_03_14.sharedAssets	934	.sharedassets	world,characters
cache\map_5f04_5f01_2eunity3d\__info	64		other
cache\map_5f04_5f01_2eunity3d\BuildPlayer-Map_04_01	63821		world,characters
cache\map_5f04_5f01_2eunity3d\BuildPlayer-Map_04_01.sharedAssets	1070	.sharedassets	world,characters
cache\map_5f04_5f02_2eunity3d\__info	64		other
cache\map_5f04_5f02_2eunity3d\BuildPlayer-Map_04_02	2023148		world,characters
cache\map_5f04_5f02_2eunity3d\BuildPlayer-Map_04_02.sharedAssets	12542	.sharedassets	world,characters
cache\map_5f04_5f03_2eunity3d\__info	64		other
cache\map_5f04_5f03_2eunity3d\BuildPlayer-Map_04_03	1882572		world,characters
cache\map_5f04_5f03_2eunity3d\BuildPlayer-Map_04_03.sharedAssets	13222	.sharedassets	world,characters
cache\map_5f04_5f04_2eunity3d\__info	64		other
cache\map_5f04_5f04_2eunity3d\BuildPlayer-Map_04_04	1027850		world,characters
cache\map_5f04_5f04_2eunity3d\BuildPlayer-Map_04_04.sharedAssets	10814	.sharedassets	world,characters
cache\map_5f04_5f05_2eunity3d\__info	64		other
cache\map_5f04_5f05_2eunity3d\BuildPlayer-Map_04_05	1594796		world,characters
cache\map_5f04_5f05_2eunity3d\BuildPlayer-Map_04_05.sharedAssets	11742	.sharedassets	world,characters
cache\map_5f04_5f06_2eunity3d\__info	64		other
cache\map_5f04_5f06_2eunity3d\BuildPlayer-Map_04_06	1050708		world,characters
cache\map_5f04_5f06_2eunity3d\BuildPlayer-Map_04_06.sharedAssets	9318	.sharedassets	world,characters
cache\map_5f04_5f07_2eunity3d\__info	64		other
cache\map_5f04_5f07_2eunity3d\BuildPlayer-Map_04_07	1831464		world,characters
cache\map_5f04_5f07_2eunity3d\BuildPlayer-Map_04_07.sharedAssets	9246	.sharedassets	world,characters
cache\map_5f04_5f08_2eunity3d\__info	64		other
cache\map_5f04_5f08_2eunity3d\BuildPlayer-Map_04_08	37253		world,characters
cache\map_5f04_5f08_2eunity3d\BuildPlayer-Map_04_08.sharedAssets	918	.sharedassets	world,characters
cache\map_5f04_5f09_2eunity3d\__info	64		other
cache\map_5f04_5f09_2eunity3d\BuildPlayer-Map_04_09	214541		world,characters
cache\map_5f04_5f09_2eunity3d\BuildPlayer-Map_04_09.sharedAssets	974	.sharedassets	world,characters
cache\map_5f04_5f10_2eunity3d\__info	64		other
cache\map_5f04_5f10_2eunity3d\BuildPlayer-Map_04_10	37257		world,characters
cache\map_5f04_5f10_2eunity3d\BuildPlayer-Map_04_10.sharedAssets	974	.sharedassets	world,characters
cache\map_5f04_5f11_2eunity3d\__info	64		other
cache\map_5f04_5f11_2eunity3d\BuildPlayer-Map_04_11	37253		world,characters
cache\map_5f04_5f11_2eunity3d\BuildPlayer-Map_04_11.sharedAssets	910	.sharedassets	world,characters
cache\map_5f04_5f12_2eunity3d\__info	64		other
cache\map_5f04_5f12_2eunity3d\BuildPlayer-Map_04_12	1022021		world,characters
cache\map_5f04_5f12_2eunity3d\BuildPlayer-Map_04_12.sharedAssets	5718	.sharedassets	world,characters
cache\map_5f04_5f13_2eunity3d\__info	64		other
cache\map_5f04_5f13_2eunity3d\BuildPlayer-Map_04_13	2154760		world,characters
cache\map_5f04_5f13_2eunity3d\BuildPlayer-Map_04_13.sharedAssets	8022	.sharedassets	world,characters
cache\map_5f04_5f14_2eunity3d\__info	64		other
cache\map_5f04_5f14_2eunity3d\BuildPlayer-Map_04_14	50361		world,characters
cache\map_5f04_5f14_2eunity3d\BuildPlayer-Map_04_14.sharedAssets	1006	.sharedassets	world,characters
cache\map_5f05_5f01_2eunity3d\__info	64		other
cache\map_5f05_5f01_2eunity3d\BuildPlayer-Map_05_01	209789		world,characters
cache\map_5f05_5f01_2eunity3d\BuildPlayer-Map_05_01.sharedAssets	1342	.sharedassets	world,characters
cache\map_5f05_5f02_2eunity3d\__info	64		other
cache\map_5f05_5f02_2eunity3d\BuildPlayer-Map_05_02	2475861		world,characters
cache\map_5f05_5f02_2eunity3d\BuildPlayer-Map_05_02.sharedAssets	12046	.sharedassets	world,characters
cache\map_5f05_5f03_2eunity3d\__info	64		other
cache\map_5f05_5f03_2eunity3d\BuildPlayer-Map_05_03	1623340		world,characters
cache\map_5f05_5f03_2eunity3d\BuildPlayer-Map_05_03.sharedAssets	9630	.sharedassets	world,characters
cache\map_5f05_5f04_2eunity3d\__info	64		other
cache\map_5f05_5f04_2eunity3d\BuildPlayer-Map_05_04	951131		world,characters
cache\map_5f05_5f04_2eunity3d\BuildPlayer-Map_05_04.sharedAssets	7534	.sharedassets	world,characters
cache\map_5f05_5f05_2eunity3d\__info	64		other
cache\map_5f05_5f05_2eunity3d\BuildPlayer-Map_05_05	2076548		world,characters
cache\map_5f05_5f05_2eunity3d\BuildPlayer-Map_05_05.sharedAssets	11622	.sharedassets	world,characters
cache\map_5f05_5f06_2eunity3d\__info	64		other
cache\map_5f05_5f06_2eunity3d\BuildPlayer-Map_05_06	500864		world,characters
cache\map_5f05_5f06_2eunity3d\BuildPlayer-Map_05_06.sharedAssets	7886	.sharedassets	world,characters
cache\map_5f05_5f07_2eunity3d\__info	64		other
cache\map_5f05_5f07_2eunity3d\BuildPlayer-Map_05_07	1655580		world,characters
cache\map_5f05_5f07_2eunity3d\BuildPlayer-Map_05_07.sharedAssets	7454	.sharedassets	world,characters
cache\map_5f05_5f09_2eunity3d\__info	64		other
cache\map_5f05_5f09_2eunity3d\BuildPlayer-Map_05_09	133252		world,characters
cache\map_5f05_5f09_2eunity3d\BuildPlayer-Map_05_09.sharedAssets	1430	.sharedassets	world,characters
cache\map_5f05_5f10_2eunity3d\__info	64		other
cache\map_5f05_5f10_2eunity3d\BuildPlayer-Map_05_10	1469544		world,characters
cache\map_5f05_5f10_2eunity3d\BuildPlayer-Map_05_10.sharedAssets	6902	.sharedassets	world,characters
cache\map_5f05_5f11_2eunity3d\__info	64		other
cache\map_5f05_5f11_2eunity3d\BuildPlayer-Map_05_11	689485		world,characters
cache\map_5f05_5f11_2eunity3d\BuildPlayer-Map_05_11.sharedAssets	6102	.sharedassets	world,characters
cache\map_5f05_5f12_2eunity3d\__info	64		other
cache\map_5f05_5f12_2eunity3d\BuildPlayer-Map_05_12	1332324		world,characters
cache\map_5f05_5f12_2eunity3d\BuildPlayer-Map_05_12.sharedAssets	6358	.sharedassets	world,characters
cache\map_5f05_5f13_2eunity3d\__info	64		other
cache\map_5f05_5f13_2eunity3d\BuildPlayer-Map_05_13	37253		world,characters
cache\map_5f05_5f13_2eunity3d\BuildPlayer-Map_05_13.sharedAssets	902	.sharedassets	world,characters
cache\map_5f05_5f14_2eunity3d\__info	64		other
cache\map_5f05_5f14_2eunity3d\BuildPlayer-Map_05_14	37253		world,characters
cache\map_5f05_5f14_2eunity3d\BuildPlayer-Map_05_14.sharedAssets	902	.sharedassets	world,characters
cache\map_5f06_5f01_2eunity3d\__info	64		other
cache\map_5f06_5f01_2eunity3d\BuildPlayer-Map_06_01	82101		world,characters
cache\map_5f06_5f01_2eunity3d\BuildPlayer-Map_06_01.sharedAssets	918	.sharedassets	world,characters
cache\map_5f06_5f02_2eunity3d\__info	64		other
cache\map_5f06_5f02_2eunity3d\BuildPlayer-Map_06_02	356453		world,characters
cache\map_5f06_5f02_2eunity3d\BuildPlayer-Map_06_02.sharedAssets	950	.sharedassets	world,characters
cache\map_5f06_5f03_2eunity3d\__info	64		other
cache\map_5f06_5f03_2eunity3d\BuildPlayer-Map_06_03	2795153		world,characters
cache\map_5f06_5f03_2eunity3d\BuildPlayer-Map_06_03.sharedAssets	10718	.sharedassets	world,characters
cache\map_5f06_5f04_2eunity3d\__info	64		other
cache\map_5f06_5f04_2eunity3d\BuildPlayer-Map_06_04	2056090		world,characters
cache\map_5f06_5f04_2eunity3d\BuildPlayer-Map_06_04.sharedAssets	11438	.sharedassets	world,characters
cache\map_5f06_5f05_2eunity3d\__info	64		other
cache\map_5f06_5f05_2eunity3d\BuildPlayer-Map_06_05	1665460		world,characters
cache\map_5f06_5f05_2eunity3d\BuildPlayer-Map_06_05.sharedAssets	7478	.sharedassets	world,characters
cache\map_5f06_5f06_2eunity3d\__info	64		other
cache\map_5f06_5f06_2eunity3d\BuildPlayer-Map_06_06	1396752		world,characters
cache\map_5f06_5f06_2eunity3d\BuildPlayer-Map_06_06.sharedAssets	9574	.sharedassets	world,characters
cache\map_5f06_5f09_2eunity3d\__info	64		other
cache\map_5f06_5f09_2eunity3d\BuildPlayer-Map_06_09	71704		world,characters
cache\map_5f06_5f09_2eunity3d\BuildPlayer-Map_06_09.sharedAssets	1182	.sharedassets	world,characters
cache\map_5f06_5f10_2eunity3d\__info	64		other
cache\map_5f06_5f10_2eunity3d\BuildPlayer-Map_06_10	471083		world,characters
cache\map_5f06_5f10_2eunity3d\BuildPlayer-Map_06_10.sharedAssets	6206	.sharedassets	world,characters
cache\map_5f06_5f11_2eunity3d\__info	64		other
cache\map_5f06_5f11_2eunity3d\BuildPlayer-Map_06_11	37253		world,characters
cache\map_5f06_5f11_2eunity3d\BuildPlayer-Map_06_11.sharedAssets	918	.sharedassets	world,characters
cache\map_5f06_5f12_2eunity3d\__info	64		other
cache\map_5f06_5f12_2eunity3d\BuildPlayer-Map_06_12	37257		world,characters
cache\map_5f06_5f12_2eunity3d\BuildPlayer-Map_06_12.sharedAssets	918	.sharedassets	world,characters
cache\map_5f06_5f13_2eunity3d\__info	64		other
cache\map_5f06_5f13_2eunity3d\BuildPlayer-Map_06_13	37257		world,characters
cache\map_5f06_5f13_2eunity3d\BuildPlayer-Map_06_13.sharedAssets	902	.sharedassets	world,characters
cache\map_5f06_5f14_2eunity3d\__info	64		other
cache\map_5f06_5f14_2eunity3d\BuildPlayer-Map_06_14	96733		world,characters
cache\map_5f06_5f14_2eunity3d\BuildPlayer-Map_06_14.sharedAssets	2094	.sharedassets	world,characters
cache\map_5f07_5f03_2eunity3d\__info	64		other
cache\map_5f07_5f03_2eunity3d\BuildPlayer-Map_07_03	65381		world,characters
cache\map_5f07_5f03_2eunity3d\BuildPlayer-Map_07_03.sharedAssets	942	.sharedassets	world,characters
cache\map_5f07_5f04_2eunity3d\__info	64		other
cache\map_5f07_5f04_2eunity3d\BuildPlayer-Map_07_04	370365		world,characters
cache\map_5f07_5f04_2eunity3d\BuildPlayer-Map_07_04.sharedAssets	934	.sharedassets	world,characters
cache\map_5f07_5f05_2eunity3d\__info	64		other
cache\map_5f07_5f05_2eunity3d\BuildPlayer-Map_07_05	77325		world,characters
cache\map_5f07_5f05_2eunity3d\BuildPlayer-Map_07_05.sharedAssets	1118	.sharedassets	world,characters
cache\map_5f07_5f06_2eunity3d\__info	64		other
cache\map_5f07_5f06_2eunity3d\BuildPlayer-Map_07_06	672626		world,characters
cache\map_5f07_5f06_2eunity3d\BuildPlayer-Map_07_06.sharedAssets	8118	.sharedassets	world,characters
cache\map_5f07_5f07_2eunity3d\__info	64		other
cache\map_5f07_5f07_2eunity3d\BuildPlayer-Map_07_07	1637559		world,characters
cache\map_5f07_5f07_2eunity3d\BuildPlayer-Map_07_07.sharedAssets	11686	.sharedassets	world,characters
cache\map_5f07_5f08_2eunity3d\__info	64		other
cache\map_5f07_5f08_2eunity3d\BuildPlayer-Map_07_08	907134		world,characters
cache\map_5f07_5f08_2eunity3d\BuildPlayer-Map_07_08.sharedAssets	8982	.sharedassets	world,characters
cache\map_5f07_5f09_2eunity3d\__info	64		other
cache\map_5f07_5f09_2eunity3d\BuildPlayer-Map_07_09	156852		world,characters
cache\map_5f07_5f09_2eunity3d\BuildPlayer-Map_07_09.sharedAssets	1118	.sharedassets	world,characters
cache\map_5f07_5f10_2eunity3d\__info	64		other
cache\map_5f07_5f10_2eunity3d\BuildPlayer-Map_07_10	52884		world,characters
cache\map_5f07_5f10_2eunity3d\BuildPlayer-Map_07_10.sharedAssets	1046	.sharedassets	world,characters
cache\map_5f07_5f13_2eunity3d\__info	64		other
cache\map_5f07_5f13_2eunity3d\BuildPlayer-Map_07_13	164644		world,characters
cache\map_5f07_5f13_2eunity3d\BuildPlayer-Map_07_13.sharedAssets	1358	.sharedassets	world,characters
cache\map_5f07_5f14_2eunity3d\__info	64		other
cache\map_5f07_5f14_2eunity3d\BuildPlayer-Map_07_14	124868		world,characters
cache\map_5f07_5f14_2eunity3d\BuildPlayer-Map_07_14.sharedAssets	1542	.sharedassets	world,characters
cache\map_5f08_5f05_2eunity3d\__info	64		other
cache\map_5f08_5f05_2eunity3d\BuildPlayer-Map_08_05	848861		world,characters
cache\map_5f08_5f05_2eunity3d\BuildPlayer-Map_08_05.sharedAssets	950	.sharedassets	world,characters
cache\map_5f08_5f06_2eunity3d\__info	64		other
cache\map_5f08_5f06_2eunity3d\BuildPlayer-Map_08_06	1338892		world,characters
cache\map_5f08_5f06_2eunity3d\BuildPlayer-Map_08_06.sharedAssets	8350	.sharedassets	world,characters
cache\map_5f08_5f07_2eunity3d\__info	64		other
cache\map_5f08_5f07_2eunity3d\BuildPlayer-Map_08_07	1146751		world,characters
cache\map_5f08_5f07_2eunity3d\BuildPlayer-Map_08_07.sharedAssets	10294	.sharedassets	world,characters
cache\map_5f08_5f08_2eunity3d\__info	64		other
cache\map_5f08_5f08_2eunity3d\BuildPlayer-Map_08_08	37253		world,characters
cache\map_5f08_5f08_2eunity3d\BuildPlayer-Map_08_08.sharedAssets	942	.sharedassets	world,characters
cache\map_5f08_5f09_2eunity3d\__info	64		other
cache\map_5f08_5f09_2eunity3d\BuildPlayer-Map_08_09	37257		world,characters
cache\map_5f08_5f09_2eunity3d\BuildPlayer-Map_08_09.sharedAssets	910	.sharedassets	world,characters
cache\map_5f08_5f10_2eunity3d\__info	64		other
cache\map_5f08_5f10_2eunity3d\BuildPlayer-Map_08_10	37257		world,characters
cache\map_5f08_5f10_2eunity3d\BuildPlayer-Map_08_10.sharedAssets	926	.sharedassets	world,characters
cache\map_5f08_5f11_2eunity3d\__info	64		other
cache\map_5f08_5f11_2eunity3d\BuildPlayer-Map_08_11	39049		world,characters
cache\map_5f08_5f11_2eunity3d\BuildPlayer-Map_08_11.sharedAssets	966	.sharedassets	world,characters
cache\map_5f08_5f12_2eunity3d\__info	64		other
cache\map_5f08_5f12_2eunity3d\BuildPlayer-Map_08_12	37253		world,characters
cache\map_5f08_5f12_2eunity3d\BuildPlayer-Map_08_12.sharedAssets	998	.sharedassets	world,characters
cache\map_5f08_5f13_2eunity3d\__info	64		other
cache\map_5f08_5f13_2eunity3d\BuildPlayer-Map_08_13	788436		world,characters
cache\map_5f08_5f13_2eunity3d\BuildPlayer-Map_08_13.sharedAssets	5654	.sharedassets	world,characters
cache\map_5f08_5f14_2eunity3d\__info	64		other
cache\map_5f08_5f14_2eunity3d\BuildPlayer-Map_08_14	357486		world,characters
cache\map_5f08_5f14_2eunity3d\BuildPlayer-Map_08_14.sharedAssets	2742	.sharedassets	world,characters
cache\map_5f09_5f06_2eunity3d\__info	64		other
cache\map_5f09_5f06_2eunity3d\BuildPlayer-Map_09_06	1861028		world,characters
cache\map_5f09_5f06_2eunity3d\BuildPlayer-Map_09_06.sharedAssets	7222	.sharedassets	world,characters
cache\map_5f09_5f07_2eunity3d\__info	64		other
cache\map_5f09_5f07_2eunity3d\BuildPlayer-Map_09_07	1209287		world,characters
cache\map_5f09_5f07_2eunity3d\BuildPlayer-Map_09_07.sharedAssets	9430	.sharedassets	world,characters
cache\map_5f09_5f08_2eunity3d\__info	64		other
cache\map_5f09_5f08_2eunity3d\BuildPlayer-Map_09_08	847035		world,characters
cache\map_5f09_5f08_2eunity3d\BuildPlayer-Map_09_08.sharedAssets	6846	.sharedassets	world,characters
cache\map_5f09_5f09_2eunity3d\__info	64		other
cache\map_5f09_5f09_2eunity3d\BuildPlayer-Map_09_09	416538		world,characters
cache\map_5f09_5f09_2eunity3d\BuildPlayer-Map_09_09.sharedAssets	4926	.sharedassets	world,characters
cache\map_5f09_5f10_2eunity3d\__info	64		other
cache\map_5f09_5f10_2eunity3d\BuildPlayer-Map_09_10	427026		world,characters
cache\map_5f09_5f10_2eunity3d\BuildPlayer-Map_09_10.sharedAssets	5534	.sharedassets	world,characters
cache\map_5f09_5f11_2eunity3d\__info	64		other
cache\map_5f09_5f11_2eunity3d\BuildPlayer-Map_09_11	1315243		world,characters
cache\map_5f09_5f11_2eunity3d\BuildPlayer-Map_09_11.sharedAssets	7446	.sharedassets	world,characters
cache\map_5f09_5f12_2eunity3d\__info	64		other
cache\map_5f09_5f12_2eunity3d\BuildPlayer-Map_09_12	943274		world,characters
cache\map_5f09_5f12_2eunity3d\BuildPlayer-Map_09_12.sharedAssets	6190	.sharedassets	world,characters
cache\map_5f09_5f13_2eunity3d\__info	64		other
cache\map_5f09_5f13_2eunity3d\BuildPlayer-Map_09_13	333742		world,characters
cache\map_5f09_5f13_2eunity3d\BuildPlayer-Map_09_13.sharedAssets	4430	.sharedassets	world,characters
cache\map_5f09_5f14_2eunity3d\__info	64		other
cache\map_5f09_5f14_2eunity3d\BuildPlayer-Map_09_14	825937		world,characters
cache\map_5f09_5f14_2eunity3d\BuildPlayer-Map_09_14.sharedAssets	3038	.sharedassets	world,characters
cache\map_5f10_5f00_2eunity3d\__info	64		other
cache\map_5f10_5f00_2eunity3d\BuildPlayer-Map_10_00	54556		world,characters
cache\map_5f10_5f00_2eunity3d\BuildPlayer-Map_10_00.sharedAssets	1022	.sharedassets	world,characters
cache\map_5f10_5f01_2eunity3d\__info	64		other
cache\map_5f10_5f01_2eunity3d\BuildPlayer-Map_10_01	52945		world,characters
cache\map_5f10_5f01_2eunity3d\BuildPlayer-Map_10_01.sharedAssets	934	.sharedassets	world,characters
cache\map_5f10_5f02_2eunity3d\__info	64		other
cache\map_5f10_5f02_2eunity3d\BuildPlayer-Map_10_02	54548		world,characters
cache\map_5f10_5f02_2eunity3d\BuildPlayer-Map_10_02.sharedAssets	998	.sharedassets	world,characters
cache\map_5f10_5f07_2eunity3d\__info	64		other
cache\map_5f10_5f07_2eunity3d\BuildPlayer-Map_10_07	44933		world,characters
cache\map_5f10_5f07_2eunity3d\BuildPlayer-Map_10_07.sharedAssets	1246	.sharedassets	world,characters
cache\map_5f10_5f08_2eunity3d\__info	64		other
cache\map_5f10_5f08_2eunity3d\BuildPlayer-Map_10_08	504381		world,characters
cache\map_5f10_5f08_2eunity3d\BuildPlayer-Map_10_08.sharedAssets	4358	.sharedassets	world,characters
cache\map_5f10_5f09_2eunity3d\__info	64		other
cache\map_5f10_5f09_2eunity3d\BuildPlayer-Map_10_09	1255960		world,characters
cache\map_5f10_5f09_2eunity3d\BuildPlayer-Map_10_09.sharedAssets	7486	.sharedassets	world,characters
cache\map_5f10_5f10_2eunity3d\__info	64		other
cache\map_5f10_5f10_2eunity3d\BuildPlayer-Map_10_10	1407655		world,characters
cache\map_5f10_5f10_2eunity3d\BuildPlayer-Map_10_10.sharedAssets	10158	.sharedassets	world,characters
cache\map_5f10_5f11_2eunity3d\__info	64		other
cache\map_5f10_5f11_2eunity3d\BuildPlayer-Map_10_11	690486		world,characters
cache\map_5f10_5f11_2eunity3d\BuildPlayer-Map_10_11.sharedAssets	4454	.sharedassets	world,characters
cache\map_5f10_5f12_2eunity3d\__info	64		other
cache\map_5f10_5f12_2eunity3d\BuildPlayer-Map_10_12	37253		world,characters
cache\map_5f10_5f12_2eunity3d\BuildPlayer-Map_10_12.sharedAssets	1014	.sharedassets	world,characters
cache\map_5f10_5f13_2eunity3d\__info	64		other
cache\map_5f10_5f13_2eunity3d\BuildPlayer-Map_10_13	483813		world,characters
cache\map_5f10_5f13_2eunity3d\BuildPlayer-Map_10_13.sharedAssets	1054	.sharedassets	world,characters
cache\map_5f10_5f14_2eunity3d\__info	64		other
cache\map_5f10_5f14_2eunity3d\BuildPlayer-Map_10_14	115936		world,characters
cache\map_5f10_5f14_2eunity3d\BuildPlayer-Map_10_14.sharedAssets	1614	.sharedassets	world,characters
cache\map_5f11_5f00_2eunity3d\__info	64		other
cache\map_5f11_5f00_2eunity3d\BuildPlayer-Map_11_00	54560		world,characters
cache\map_5f11_5f00_2eunity3d\BuildPlayer-Map_11_00.sharedAssets	998	.sharedassets	world,characters
cache\map_5f11_5f01_2eunity3d\__info	64		other
cache\map_5f11_5f01_2eunity3d\BuildPlayer-Map_11_01	1321148		world,characters
cache\map_5f11_5f01_2eunity3d\BuildPlayer-Map_11_01.sharedAssets	11006	.sharedassets	world,characters
cache\map_5f11_5f02_2eunity3d\__info	64		other
cache\map_5f11_5f02_2eunity3d\BuildPlayer-Map_11_02	54488		world,characters
cache\map_5f11_5f02_2eunity3d\BuildPlayer-Map_11_02.sharedAssets	1022	.sharedassets	world,characters
cache\map_5f11_5f03_2eunity3d\__info	64		other
cache\map_5f11_5f03_2eunity3d\BuildPlayer-Map_11_03	54560		world,characters
cache\map_5f11_5f03_2eunity3d\BuildPlayer-Map_11_03.sharedAssets	998	.sharedassets	world,characters
cache\map_5f11_5f04_2eunity3d\__info	64		other
cache\map_5f11_5f04_2eunity3d\BuildPlayer-Map_11_04	54560		world,characters
cache\map_5f11_5f04_2eunity3d\BuildPlayer-Map_11_04.sharedAssets	998	.sharedassets	world,characters
cache\map_5f11_5f06_2eunity3d\__info	64		other
cache\map_5f11_5f06_2eunity3d\BuildPlayer-Map_11_06	37917		world,characters
cache\map_5f11_5f06_2eunity3d\BuildPlayer-Map_11_06.sharedAssets	998	.sharedassets	world,characters
cache\map_5f11_5f07_2eunity3d\__info	64		other
cache\map_5f11_5f07_2eunity3d\BuildPlayer-Map_11_07	241830		world,characters
cache\map_5f11_5f07_2eunity3d\BuildPlayer-Map_11_07.sharedAssets	5118	.sharedassets	world,characters
cache\map_5f11_5f08_2eunity3d\__info	64		other
cache\map_5f11_5f08_2eunity3d\BuildPlayer-Map_11_08	346082		world,characters
cache\map_5f11_5f08_2eunity3d\BuildPlayer-Map_11_08.sharedAssets	5286	.sharedassets	world,characters
cache\map_5f11_5f09_2eunity3d\__info	64		other
cache\map_5f11_5f09_2eunity3d\BuildPlayer-Map_11_09	436738		world,characters
cache\map_5f11_5f09_2eunity3d\BuildPlayer-Map_11_09.sharedAssets	3742	.sharedassets	world,characters
cache\map_5f11_5f10_2eunity3d\__info	64		other
cache\map_5f11_5f10_2eunity3d\BuildPlayer-Map_11_10	648426		world,characters
cache\map_5f11_5f10_2eunity3d\BuildPlayer-Map_11_10.sharedAssets	3982	.sharedassets	world,characters
cache\map_5f11_5f11_2eunity3d\__info	64		other
cache\map_5f11_5f11_2eunity3d\BuildPlayer-Map_11_11	1318308		world,characters
cache\map_5f11_5f11_2eunity3d\BuildPlayer-Map_11_11.sharedAssets	9214	.sharedassets	world,characters
cache\map_5f11_5f12_2eunity3d\__info	64		other
cache\map_5f11_5f12_2eunity3d\BuildPlayer-Map_11_12	37257		world,characters
cache\map_5f11_5f12_2eunity3d\BuildPlayer-Map_11_12.sharedAssets	990	.sharedassets	world,characters
cache\map_5f11_5f15_2eunity3d\__info	64		other
cache\map_5f11_5f15_2eunity3d\BuildPlayer-Map_11_15	493363		world,characters
cache\map_5f11_5f15_2eunity3d\BuildPlayer-Map_11_15.sharedAssets	4470	.sharedassets	world,characters
cache\map_5f12_5f00_2eunity3d\__info	64		other
cache\map_5f12_5f00_2eunity3d\BuildPlayer-Map_12_00	54548		world,characters
cache\map_5f12_5f00_2eunity3d\BuildPlayer-Map_12_00.sharedAssets	1022	.sharedassets	world,characters
cache\map_5f12_5f01_2eunity3d\__info	64		other
cache\map_5f12_5f01_2eunity3d\BuildPlayer-Map_12_01	847746		world,characters
cache\map_5f12_5f01_2eunity3d\BuildPlayer-Map_12_01.sharedAssets	8398	.sharedassets	world,characters
cache\map_5f12_5f02_2eunity3d\__info	64		other
cache\map_5f12_5f02_2eunity3d\BuildPlayer-Map_12_02	1152129		world,characters
cache\map_5f12_5f02_2eunity3d\BuildPlayer-Map_12_02.sharedAssets	11622	.sharedassets	world,characters
cache\map_5f12_5f03_2eunity3d\__info	64		other
cache\map_5f12_5f03_2eunity3d\BuildPlayer-Map_12_03	1043245		world,characters
cache\map_5f12_5f03_2eunity3d\BuildPlayer-Map_12_03.sharedAssets	10998	.sharedassets	world,characters
cache\map_5f12_5f04_2eunity3d\__info	64		other
cache\map_5f12_5f04_2eunity3d\BuildPlayer-Map_12_04	54560		world,characters
cache\map_5f12_5f04_2eunity3d\BuildPlayer-Map_12_04.sharedAssets	998	.sharedassets	world,characters
cache\map_5f12_5f07_2eunity3d\__info	64		other
cache\map_5f12_5f07_2eunity3d\BuildPlayer-Map_12_07	37917		world,characters
cache\map_5f12_5f07_2eunity3d\BuildPlayer-Map_12_07.sharedAssets	1014	.sharedassets	world,characters
cache\map_5f12_5f08_2eunity3d\__info	64		other
cache\map_5f12_5f08_2eunity3d\BuildPlayer-Map_12_08	89929		world,characters
cache\map_5f12_5f08_2eunity3d\BuildPlayer-Map_12_08.sharedAssets	1598	.sharedassets	world,characters
cache\map_5f12_5f09_2eunity3d\__info	64		other
cache\map_5f12_5f09_2eunity3d\BuildPlayer-Map_12_09	304310		world,characters
cache\map_5f12_5f09_2eunity3d\BuildPlayer-Map_12_09.sharedAssets	3662	.sharedassets	world,characters
cache\map_5f12_5f10_2eunity3d\__info	64		other
cache\map_5f12_5f10_2eunity3d\BuildPlayer-Map_12_10	1241372		world,characters
cache\map_5f12_5f10_2eunity3d\BuildPlayer-Map_12_10.sharedAssets	7502	.sharedassets	world,characters
cache\map_5f12_5f11_2eunity3d\__info	64		other
cache\map_5f12_5f11_2eunity3d\BuildPlayer-Map_12_11	163368		world,characters
cache\map_5f12_5f11_2eunity3d\BuildPlayer-Map_12_11.sharedAssets	1094	.sharedassets	world,characters
cache\map_5f12_5f12_2eunity3d\__info	64		other
cache\map_5f12_5f12_2eunity3d\BuildPlayer-Map_12_12	147228		world,characters
cache\map_5f12_5f12_2eunity3d\BuildPlayer-Map_12_12.sharedAssets	1086	.sharedassets	world,characters
cache\map_5f12_5f13_2eunity3d\__info	64		other
cache\map_5f12_5f13_2eunity3d\BuildPlayer-Map_12_13	1399847		world,characters
cache\map_5f12_5f13_2eunity3d\BuildPlayer-Map_12_13.sharedAssets	3030	.sharedassets	world,characters
cache\map_5f12_5f14_2eunity3d\__info	64		other
cache\map_5f12_5f14_2eunity3d\BuildPlayer-Map_12_14	399721		world,characters
cache\map_5f12_5f14_2eunity3d\BuildPlayer-Map_12_14.sharedAssets	3486	.sharedassets	world,characters
cache\map_5f12_5f15_2eunity3d\__info	64		other
cache\map_5f12_5f15_2eunity3d\BuildPlayer-Map_12_15	493363		world,characters
cache\map_5f12_5f15_2eunity3d\BuildPlayer-Map_12_15.sharedAssets	4950	.sharedassets	world,characters
cache\map_5f13_5f00_2eunity3d\__info	64		other
cache\map_5f13_5f00_2eunity3d\BuildPlayer-Map_13_00	54560		world,characters
cache\map_5f13_5f00_2eunity3d\BuildPlayer-Map_13_00.sharedAssets	998	.sharedassets	world,characters
cache\map_5f13_5f01_2eunity3d\__info	64		other
cache\map_5f13_5f01_2eunity3d\BuildPlayer-Map_13_01	658752		world,characters
cache\map_5f13_5f01_2eunity3d\BuildPlayer-Map_13_01.sharedAssets	6454	.sharedassets	world,characters
cache\map_5f13_5f02_2eunity3d\__info	64		other
cache\map_5f13_5f02_2eunity3d\BuildPlayer-Map_13_02	914844		world,characters
cache\map_5f13_5f02_2eunity3d\BuildPlayer-Map_13_02.sharedAssets	9238	.sharedassets	world,characters
cache\map_5f13_5f03_2eunity3d\__info	64		other
cache\map_5f13_5f03_2eunity3d\BuildPlayer-Map_13_03	54560		world,characters
cache\map_5f13_5f03_2eunity3d\BuildPlayer-Map_13_03.sharedAssets	1022	.sharedassets	world,characters
cache\map_5f13_5f04_2eunity3d\__info	64		other
cache\map_5f13_5f04_2eunity3d\BuildPlayer-Map_13_04	54548		world,characters
cache\map_5f13_5f04_2eunity3d\BuildPlayer-Map_13_04.sharedAssets	998	.sharedassets	world,characters
cache\map_5f13_5f08_2eunity3d\__info	64		other
cache\map_5f13_5f08_2eunity3d\BuildPlayer-Map_13_08	37917		world,characters
cache\map_5f13_5f08_2eunity3d\BuildPlayer-Map_13_08.sharedAssets	990	.sharedassets	world,characters
cache\map_5f13_5f09_2eunity3d\__info	64		other
cache\map_5f13_5f09_2eunity3d\BuildPlayer-Map_13_09	62953		world,characters
cache\map_5f13_5f09_2eunity3d\BuildPlayer-Map_13_09.sharedAssets	1182	.sharedassets	world,characters
cache\map_5f13_5f10_2eunity3d\__info	64		other
cache\map_5f13_5f10_2eunity3d\BuildPlayer-Map_13_10	132044		world,characters
cache\map_5f13_5f10_2eunity3d\BuildPlayer-Map_13_10.sharedAssets	1310	.sharedassets	world,characters
cache\map_5f13_5f11_2eunity3d\__info	64		other
cache\map_5f13_5f11_2eunity3d\BuildPlayer-Map_13_11	208976		world,characters
cache\map_5f13_5f11_2eunity3d\BuildPlayer-Map_13_11.sharedAssets	1022	.sharedassets	world,characters
cache\map_5f13_5f13_2eunity3d\__info	64		other
cache\map_5f13_5f13_2eunity3d\BuildPlayer-Map_13_13	1391869		world,characters
cache\map_5f13_5f13_2eunity3d\BuildPlayer-Map_13_13.sharedAssets	2870	.sharedassets	world,characters
cache\map_5f13_5f14_2eunity3d\__info	64		other
cache\map_5f13_5f14_2eunity3d\BuildPlayer-Map_13_14	397240		world,characters
cache\map_5f13_5f14_2eunity3d\BuildPlayer-Map_13_14.sharedAssets	3398	.sharedassets	world,characters
cache\map_5f13_5f15_2eunity3d\__info	64		other
cache\map_5f13_5f15_2eunity3d\BuildPlayer-Map_13_15	397236		world,characters
cache\map_5f13_5f15_2eunity3d\BuildPlayer-Map_13_15.sharedAssets	3398	.sharedassets	world,characters
cache\map_5f14_5f00_2eunity3d\__info	64		other
cache\map_5f14_5f00_2eunity3d\BuildPlayer-Map_14_00	54556		world,characters
cache\map_5f14_5f00_2eunity3d\BuildPlayer-Map_14_00.sharedAssets	1022	.sharedassets	world,characters
cache\map_5f14_5f01_2eunity3d\__info	64		other
cache\map_5f14_5f01_2eunity3d\BuildPlayer-Map_14_01	1480552		world,characters
cache\map_5f14_5f01_2eunity3d\BuildPlayer-Map_14_01.sharedAssets	7022	.sharedassets	world,characters
cache\map_5f14_5f02_2eunity3d\__info	64		other
cache\map_5f14_5f02_2eunity3d\BuildPlayer-Map_14_02	1209533		world,characters
cache\map_5f14_5f02_2eunity3d\BuildPlayer-Map_14_02.sharedAssets	9110	.sharedassets	world,characters
cache\map_5f14_5f03_2eunity3d\__info	64		other
cache\map_5f14_5f03_2eunity3d\BuildPlayer-Map_14_03	54556		world,characters
cache\map_5f14_5f03_2eunity3d\BuildPlayer-Map_14_03.sharedAssets	1022	.sharedassets	world,characters
cache\map_5f14_5f07_2eunity3d\__info	64		other
cache\map_5f14_5f07_2eunity3d\BuildPlayer-Map_14_07	612600		world,characters
cache\map_5f14_5f07_2eunity3d\BuildPlayer-Map_14_07.sharedAssets	4014	.sharedassets	world,characters
cache\map_5f14_5f12_2eunity3d\__info	64		other
cache\map_5f14_5f12_2eunity3d\BuildPlayer-Map_14_12	399453		world,characters
cache\map_5f14_5f12_2eunity3d\BuildPlayer-Map_14_12.sharedAssets	4022	.sharedassets	world,characters
cache\map_5f14_5f13_2eunity3d\__info	64		other
cache\map_5f14_5f13_2eunity3d\BuildPlayer-Map_14_13	1399758		world,characters
cache\map_5f14_5f13_2eunity3d\BuildPlayer-Map_14_13.sharedAssets	2838	.sharedassets	world,characters
cache\map_5f14_5f14_2eunity3d\__info	64		other
cache\map_5f14_5f14_2eunity3d\BuildPlayer-Map_14_14	406748		world,characters
cache\map_5f14_5f14_2eunity3d\BuildPlayer-Map_14_14.sharedAssets	3694	.sharedassets	world,characters
cache\map_5f14_5f15_2eunity3d\__info	64		other
cache\map_5f14_5f15_2eunity3d\BuildPlayer-Map_14_15	1376848		world,characters
cache\map_5f14_5f15_2eunity3d\BuildPlayer-Map_14_15.sharedAssets	2758	.sharedassets	world,characters
cache\map_5f15_5f00_2eunity3d\__info	64		other
cache\map_5f15_5f00_2eunity3d\BuildPlayer-Map_15_00	54548		world,characters
cache\map_5f15_5f00_2eunity3d\BuildPlayer-Map_15_00.sharedAssets	998	.sharedassets	world,characters
cache\map_5f15_5f01_2eunity3d\__info	64		other
cache\map_5f15_5f01_2eunity3d\BuildPlayer-Map_15_01	54556		world,characters
cache\map_5f15_5f01_2eunity3d\BuildPlayer-Map_15_01.sharedAssets	998	.sharedassets	world,characters
cache\map_5f15_5f02_2eunity3d\__info	64		other
cache\map_5f15_5f02_2eunity3d\BuildPlayer-Map_15_02	54556		world,characters
cache\map_5f15_5f02_2eunity3d\BuildPlayer-Map_15_02.sharedAssets	1022	.sharedassets	world,characters
cache\map_5f15_5f03_2eunity3d\__info	64		other
cache\map_5f15_5f03_2eunity3d\BuildPlayer-Map_15_03	54548		world,characters
cache\map_5f15_5f03_2eunity3d\BuildPlayer-Map_15_03.sharedAssets	998	.sharedassets	world,characters
cache\map_5f15_5f09_2eunity3d\__info	64		other
cache\map_5f15_5f09_2eunity3d\BuildPlayer-Map_15_09	1626126		world,characters
cache\map_5f15_5f09_2eunity3d\BuildPlayer-Map_15_09.sharedAssets	5702	.sharedassets	world,characters
cache\map_5f15_5f10_2eunity3d\__info	64		other
cache\map_5f15_5f10_2eunity3d\BuildPlayer-Map_15_10	516630		world,characters
cache\map_5f15_5f10_2eunity3d\BuildPlayer-Map_15_10.sharedAssets	2822	.sharedassets	world,characters
cache\map_5f15_5f11_2eunity3d\__info	64		other
cache\map_5f15_5f11_2eunity3d\BuildPlayer-Map_15_11	661781		world,characters
cache\map_5f15_5f11_2eunity3d\BuildPlayer-Map_15_11.sharedAssets	4006	.sharedassets	world,characters
cache\map_5f15_5f12_2eunity3d\__info	64		other
cache\map_5f15_5f12_2eunity3d\BuildPlayer-Map_15_12	1400695		world,characters
cache\map_5f15_5f12_2eunity3d\BuildPlayer-Map_15_12.sharedAssets	3750	.sharedassets	world,characters
cache\map_5f15_5f13_2eunity3d\__info	64		other
cache\map_5f15_5f13_2eunity3d\BuildPlayer-Map_15_13	1403051		world,characters
cache\map_5f15_5f13_2eunity3d\BuildPlayer-Map_15_13.sharedAssets	3534	.sharedassets	world,characters
cache\map_5f15_5f14_2eunity3d\__info	64		other
cache\map_5f15_5f14_2eunity3d\BuildPlayer-Map_15_14	1406887		world,characters
cache\map_5f15_5f14_2eunity3d\BuildPlayer-Map_15_14.sharedAssets	2974	.sharedassets	world,characters
cache\map_5f15_5f15_2eunity3d\__info	64		other
cache\map_5f15_5f15_2eunity3d\BuildPlayer-Map_15_15	1405195		world,characters
cache\map_5f15_5f15_2eunity3d\BuildPlayer-Map_15_15.sharedAssets	3038	.sharedassets	world,characters
cache\nano_2eresourceFile\__info	58		characters
cache\nano_2eresourceFile\CustomAssetBundle-d44c8d83281084c7c860065e437b031e	118803875		characters
cache\npctexture_2eresourceFile\__info	58		characters
cache\npctexture_2eresourceFile\CustomAssetBundle-d304c52c4bae348e38c743762c1bd818	26851393		characters
cache\pastmusic_2eresourceFile\__info	58		other
cache\pastmusic_2eresourceFile\CustomAssetBundle-b40cc6bb657354e0f9aa12b34378c651	27059979		other
cache\retro_5fshared_2eresourceFile\__info	38		other
cache\retro_5fshared_2eresourceFile\CustomAssetBundle-Retro_shared	55605626		other
cache\retro_5fshared_5fpart2_2eresourceFile\__info	44		other
cache\retro_5fshared_5fpart2_2eresourceFile\CustomAssetBundle-Retro_shared_part2	10041916		other
cache\retromusic_2eresourceFile\__info	36		other
cache\retromusic_2eresourceFile\CustomAssetBundle-RetroMusic	33304252		other
cache\tabledata_2eresourceFile\__info	67		other
cache\tabledata_2eresourceFile\CustomAssetBundle-1dca92eecee4742d985b799d8226666d	6158424		other
cache\tabledata_2eresourceFile\xdt.json	18663062	.json	tables,metadata
cache\tutorial_2eresourceFile\__info	58		other
cache\tutorial_2eresourceFile\CustomAssetBundle-b4f543c102ded400fbc6f1da25d9679a	103800115		other
cache\world_5fshared_5fpart1_2eresourceFile\__info	58		other
cache\world_5fshared_5fpart1_2eresourceFile\CustomAssetBundle-eb037efed74f34db2b2bcdf47626cb76	11262544		other
cache\world_5fshared_5fpart2_2eresourceFile\__info	58		other
cache\world_5fshared_5fpart2_2eresourceFile\CustomAssetBundle-eb3e0153c75d642be888dac9b6af516e	36067378		other
cache\world_5fshared_5fpart3_2eresourceFile\__info	58		other
cache\world_5fshared_5fpart3_2eresourceFile\CustomAssetBundle-b7afc5c36d0034850882d2aa88361576	41846969		other
cache\world_5fshared_5fpart4_2eresourceFile\__info	58		other
cache\world_5fshared_5fpart4_2eresourceFile\CustomAssetBundle-755e8d758154e4b5cb1ee36c6cdedc63	40090047		other
cache\world_5fshared_5fpart5_2eresourceFile\__info	58		other
cache\world_5fshared_5fpart5_2eresourceFile\CustomAssetBundle-bf22cf134e84044c18d80e6c70a99425	66593310		other
ffrunner.exe	764928	.exe	other
